﻿<?xml version="1.0" encoding="utf-8"?>
<KNX xmlns:xsi="http://www.w3.org/2001/XMLSchema-instance" xmlns:xsd="http://www.w3.org/2001/XMLSchema" CreatedBy="ETS5" ToolVersion="5.5.871.20012" xmlns="http://knx.org/xml/project/13">
  <ManufacturerData>
    <Manufacturer RefId="M-0002">
      <Catalog>
        <CatalogSection Id="M-0002_CS-IN" Name="Input" Number="IN" VisibleDescription="" DefaultLanguage="en-US">
          <CatalogSection Id="M-0002_CS-IN-B2" Name="Binary input, 2-fold" Number="B2" VisibleDescription="" DefaultLanguage="en-US">
            <CatalogItem Id="M-0002_H-2.20.2F.2F.20GHQ.20631.200074-1_HP-A002-13-28E8_CI-GH.20Q631.200074.20R0111-1" Name="US/U2.2 Universal Interface,2-fold,FM" Number="1" VisibleDescription="Binary Input Display Heat 2f/1.3a" ProductRefId="M-0002_H-2.20.2F.2F.20GHQ.20631.200074-1_P-GH.20Q631.200074.20R0111" Hardware2ProgramRefId="M-0002_H-2.20.2F.2F.20GHQ.20631.200074-1_HP-A002-13-28E8" DefaultLanguage="en-US" />
          </CatalogSection>
        </CatalogSection>
      </Catalog>
      <Languages>
        <Language Identifier="nl-NL">
          <TranslationUnit RefId="M-0002_CS-IN">
            <TranslationElement RefId="M-0002_CS-IN">
              <Translation AttributeName="Name" Text="Invoer" />
            </TranslationElement>
          </TranslationUnit>
          <TranslationUnit RefId="M-0002_CS-IN-B2">
            <TranslationElement RefId="M-0002_CS-IN-B2">
              <Translation AttributeName="Name" Text="Binaire ingang, 2-voudig," />
            </TranslationElement>
          </TranslationUnit>
          <TranslationUnit RefId="M-0002_H-2.20.2F.2F.20GHQ.20631.200074-1_HP-A002-13-28E8_CI-GH.20Q631.200074.20R0111-1">
            <TranslationElement RefId="M-0002_H-2.20.2F.2F.20GHQ.20631.200074-1_HP-A002-13-28E8_CI-GH.20Q631.200074.20R0111-1">
              <Translation AttributeName="Name" Text="US/U 2.2 Universele in/uitgang 2-v inbouw" />
              <Translation AttributeName="VisibleDescription" Text="Binaire ingang Weergave&#xD;&#xA;Verwarmen 2-v/1.3" />
            </TranslationElement>
          </TranslationUnit>
        </Language>
      </Languages>
    </Manufacturer>
  </ManufacturerData>
</KNX>