﻿<?xml version="1.0" encoding="utf-8"?>
<KNX xmlns:xsi="http://www.w3.org/2001/XMLSchema-instance" xmlns:xsd="http://www.w3.org/2001/XMLSchema" CreatedBy="ETS5" ToolVersion="5.5.871.20012" xmlns="http://knx.org/xml/project/13">
  <ManufacturerData>
    <Manufacturer RefId="M-0009">
      <Catalog>
        <CatalogSection Id="M-0009_CS-WA" Name="Wiring accessories" Number="WA" DefaultLanguage="en-US">
          <CatalogSection Id="M-0009_CS-WA-PIR" Name="Détecteurs de mouvements" Number="PIR" VisibleDescription="" DefaultLanguage="fr-FR" NonRegRelevantDataVersion="0">
            <CatalogItem Id="M-0009_H-9.20.2F.2F.20WKT501-1_HP-2057-10-B5F6_CI-WKT501-1" Name="Interrupteur automatique 1 canal" Number="1" VisibleDescription="WKT501" ProductRefId="M-0009_H-9.20.2F.2F.20WKT501-1_P-WKT501" Hardware2ProgramRefId="M-0009_H-9.20.2F.2F.20WKT501-1_HP-2057-10-B5F6" DefaultLanguage="fr-FR" NonRegRelevantDataVersion="0" />
          </CatalogSection>
        </CatalogSection>
      </Catalog>
      <Languages>
        <Language Identifier="nl-NL">
          <TranslationUnit RefId="M-0009_H-9.20.2F.2F.20WKT501-1_HP-2057-10-B5F6_CI-WKT501-1">
            <TranslationElement RefId="M-0009_H-9.20.2F.2F.20WKT501-1_HP-2057-10-B5F6_CI-WKT501-1">
              <Translation AttributeName="Name" Text="1-kanaal bewegingssensor" />
              <Translation AttributeName="VisibleDescription" Text="WKT501" />
            </TranslationElement>
          </TranslationUnit>
          <TranslationUnit RefId="M-0009_CS-WA">
            <TranslationElement RefId="M-0009_CS-WA">
              <Translation AttributeName="Name" Text="Schakelmateriaal" />
            </TranslationElement>
          </TranslationUnit>
        </Language>
      </Languages>
    </Manufacturer>
  </ManufacturerData>
</KNX>